rating1,rating2,probability
1,1,0.0037332100000000003
1,2,0.00694707
1,3,0.016585595
1,4,0.020880314
1,5,0.012953811
2,1,0.00694707
2,2,0.012927689999999999
2,3,0.030863865
2,4,0.038855838
2,5,0.024105537
3,1,0.016585595
3,2,0.030863865
3,3,0.07368510250000002
3,4,0.09276532300000001
3,5,0.057550114500000006
4,1,0.020880314
4,2,0.038855838
4,3,0.09276532300000001
4,4,0.11678622759999999
4,5,0.0724522974
5,1,0.012953811
5,2,0.024105537
5,3,0.057550114500000006
5,4,0.0724522974
5,5,0.0449482401
