rating,proportion
1,0.0611
2,0.1137
3,0.27145
4,0.34174
5,0.21201
