prediction,mean squared error
1,1.4741372012303526
2,0.6829584897141405
3,0.2917797781979287
4,0.3006010666817168
5,0.7094223551655049
