rating,proportion
1,0.059344752659649516
2,0.1230352456472049
3,0.2873550244095155
4,0.3408584248102266
5,0.18940655247340352
